id,username,gender,password
1,tschober0,Non-binary,F1SIfueaGWJy
2,hvenney1,Male,TfQfttol8z
3,ahugk2,Agender,yAbiqZ9eKMj
4,pwoodgate3,Agender,1Utp6JZWT
5,ssheather4,Bigender,lhGwOrYvW
6,cphilippson5,Genderqueer,DBagVYW
7,fwinslett6,Non-binary,qKRnurh
8,bsprules7,Female,NezSevkEG
9,ccottill8,Female,c97XUY
10,ejimpson9,Agender,2O9y6XeRV4
11,pcavanaugha,Genderfluid,rxlNirAp
12,dkeddyb,Female,FXso3F
13,adellentyc,Female,hYuFOWan3
14,pdraytond,Bigender,WVewhZzjw
15,khaylese,Male,kP5vN42
16,bdalglieshf,Genderfluid,skkbkf
17,kzmitrukg,Polygender,BU2f8yYoj
18,lbairnsfatherh,Female,yQw0b2Hz
19,mhelmi,Non-binary,gxmu3Ci17
20,mlerganj,Genderqueer,SeR6uI5YkeI0
21,wlampardk,Female,lagyNGJJ
22,lannisl,Polygender,aaKA6XlUI
23,dpattlem,Polygender,u0LTMX8
24,qceschinin,Non-binary,loQn26
25,lmowburyo,Female,TMJA4S
26,hcottomp,Non-binary,4HCcYBZyJvfW
27,imarishenkoq,Non-binary,NdADXOsZcz7R
28,ghughesr,Non-binary,FeHl8R6jIj
29,lbowlass,Polygender,LfmA5Z2
30,ejeanequint,Genderfluid,zHkn59kYY
31,ahoysu,Male,oXbZuf0L
32,jdooherv,Genderfluid,8bqasQpp8Ja
33,asomerscalesw,Male,GLbB2wG6BZe
34,kgladtbachx,Male,Qs6MYVO6na
35,bduggety,Agender,h8BeqE
36,rolenchenkoz,Genderqueer,i3KzwdM7Q7xK
37,jbaumford10,Genderqueer,BBvNiPgRNJz
38,sbreede11,Female,ARNjOdZlS
39,ascanderet12,Genderqueer,HjPVT2UvDU
40,wportwain13,Genderqueer,WbTxfeTLlwP2
41,ndilon14,Male,M2otmtUW
42,wwrist15,Genderfluid,FDujgbpG
43,lpentin16,Polygender,GFbD4Izb
44,dabbyss17,Polygender,7wVCmpskV
45,kkowalik18,Agender,qdXQjaJV
46,hwhiteside19,Non-binary,qQ33QS88O
47,abradbeer1a,Polygender,5A3ktF
48,kelcoux1b,Genderfluid,6GuTDhx3nJ
49,wmacgoun1c,Polygender,HaVUK5FcO5
50,mzavattiero1d,Bigender,OzG54z
51,cbranchet1e,Genderqueer,z66IeyGnev9
52,lcartwight1f,Genderfluid,bm7lpeWjkZ
53,hberends1g,Male,IYFIL2XXmNv
54,ohaugen1h,Male,ocGMjpM
55,ocymper1i,Genderfluid,WprXDcSiB
56,ebeels1j,Male,X9RCXbOE
57,hpember1k,Bigender,sRlUEy
58,jlhommeau1l,Genderqueer,EBCOzVP
59,smckirdy1m,Bigender,zDWp6BfN
60,mcharnock1n,Polygender,Cg2wH54
61,lgandey1o,Polygender,usr3x3Is4qcT
62,cschade1p,Bigender,SV80zNatxqK3
63,klebarre1q,Male,y4nAtTUzLn
64,wfowley1r,Genderqueer,lVRs1v91
65,kcopelli1s,Polygender,js878cxmKZ7
66,gkleinmintz1t,Non-binary,JVUBII92q
67,dstronach1u,Male,BKagWfBEVN
68,gnoel1v,Male,Pf6oP4Fn
69,rratray1w,Male,rFFzbArR
70,vbettaney1x,Non-binary,TFIfMcaLHuI
71,clydster1y,Polygender,w1PZ32b3b
72,ebowser1z,Male,mMmLIJFDZ
73,gknok20,Agender,LuF1jXXF3Ibd
74,fwillavoys21,Genderqueer,kgA876zdfmrz
75,lkirtley22,Bigender,iIu8eGSiB
76,fcratere23,Bigender,ouwePA
77,nfeaveer24,Agender,IaRgCF
78,mlangtree25,Male,WRRAYax
79,fjoesbury26,Polygender,wvMequCJyZ
80,jklais27,Genderqueer,LLzu3HRX
81,ecullrford28,Polygender,TwcXaMqEcd
82,mamsden29,Genderqueer,M2UmC3KydDLZ
83,vhartopp2a,Polygender,kQ584LQHwm
84,qchandlar2b,Non-binary,zhCeKh6
85,sbownde2c,Bigender,VB7vCT
86,tmacaindreis2d,Bigender,bWKEX2cbu
87,hedwin2e,Female,cA1TRmIq
88,tbruck2f,Male,m4fyqchAVrX
89,eklejin2g,Polygender,ikX6LHe
90,ksanney2h,Female,IGM2UE6TJOeX
91,astonefewings2i,Male,Cz3Z67jf6VT
92,tpittendreigh2j,Polygender,LUnnNJ
93,wgarretts2k,Polygender,D3BEiBOp3
94,rgeeraert2l,Genderqueer,fnFxzSsP7V
95,blacroutz2m,Male,wdrxigUf3ono
96,escutts2n,Bigender,eETRWdaa
97,doakeby2o,Agender,HGgmm3
98,bjerdon2p,Female,9Jxknl3ZZN
99,llarose2q,Non-binary,aS1B8FvkZ
100,sroyan2r,Non-binary,RzHWKC1m
101,aboote2s,Agender,JZnEnyGmJtpi
102,psamter2t,Genderfluid,YiZGTQ
103,hbaumber2u,Genderfluid,k6cVABREEo
104,pimpey2v,Genderfluid,ESWpnHe3uEJC
105,gabrahamovitz2w,Bigender,E8Ysz2yL
106,alidgard2x,Polygender,ngzpnG5l
107,fosipov2y,Bigender,teHfuSf
108,mdummer2z,Genderqueer,63Smy4e
109,jladbrook30,Genderfluid,nke6JrgXW
110,amacknocker31,Non-binary,Z5FZNLd5H
111,cluckcock32,Genderfluid,xQQMlvXQql2
112,lmilkins33,Bigender,Q61oqL
113,vbassford34,Agender,sPtvM1ytM
114,pbertenshaw35,Polygender,wFzD6P
115,mbraunthal36,Agender,EUk6eFT
116,tsilverman37,Genderqueer,zMwxZMFR
117,csprigin38,Female,q61SVC5
118,rhirche39,Agender,ViOO5G6BqY
119,ofullalove3a,Non-binary,g6l5O8I
120,skenen3b,Bigender,rUiTKh
121,fmcmakin3c,Polygender,diGgugeY
122,baldwick3d,Agender,ahs3fVEzBhLG
123,hballantyne3e,Agender,qgZQLTeG1qCR
124,rnock3f,Agender,yPQr0GO6
125,tcurston3g,Bigender,xI8tt25ODRN
126,yvardon3h,Genderfluid,irbSZzjF
127,rsturch3i,Non-binary,MygDtgx
128,cstoller3j,Female,VngZFKnJ0RZ
129,eheaslip3k,Genderfluid,bVktJG
130,zdelatremoille3l,Genderqueer,U4Dhxp3Q0
131,awhieldon3m,Polygender,68Kxi1YFt4LR
132,dscotchmur3n,Agender,NajjSVO7
133,mtruss3o,Genderfluid,MOQDHTu4qq5D
134,jstandring3p,Female,cNWNsk
135,ckonerding3q,Bigender,O3hAEFgwv
136,ggiovannilli3r,Agender,hktlUzf
137,vmarrill3s,Bigender,4ykDYL70i
138,srankling3t,Genderfluid,AlWJHrKoJRMA
139,pdurnan3u,Bigender,gtFS946
140,wasman3v,Bigender,8lhj4YvJ
141,jteasdalemarkie3w,Bigender,N42qiebt0
142,nmcgraffin3x,Genderqueer,AoWiwYvKOMg1
143,dclemence3y,Male,8GF6s8lO
144,kbennen3z,Genderfluid,gplq1ge17wA
145,rslinn40,Male,dqfg2QK
146,crogliero41,Non-binary,GtEgrX
147,snarraway42,Agender,OVQq5aVLxLu4
148,mdugget43,Agender,NmcwDv
149,rmeddemmen44,Bigender,jWTaQI
150,tbratley45,Genderfluid,UweRCKzXc
151,mtiebe46,Agender,QaSquJlXZN
152,dtaggett47,Genderfluid,sStgTF
153,kyuryshev48,Female,Egk2JXG3vN
154,apfleger49,Genderfluid,RjXXg6
155,eglass4a,Polygender,wIqpink
156,khonacker4b,Genderqueer,wrm0Cs8RL
157,mgraith4c,Agender,yZpgqoGMud9
158,dsantus4d,Agender,ACQq81Yg
159,edecourcey4e,Non-binary,QgXdg6wM37Np
160,isaunt4f,Genderfluid,32yOWn
161,tmcasgill4g,Polygender,zCZB23wlxkQ7
162,bcudihy4h,Polygender,q3QyUu1
163,adahmke4i,Genderfluid,nsxiFwV2zv2R
164,sgosse4j,Male,omnt10DG
165,lmacdunleavy4k,Genderfluid,fY7Rqu67
166,rbryde4l,Bigender,92AOn4o
167,dstaton4m,Non-binary,dBcLtgfY
168,gtumielli4n,Male,qC70Yns
169,tmylchreest4o,Non-binary,X5eaFXvtzsBP
170,alouch4p,Agender,p4nD3y67cYg
171,mbeeden4q,Agender,Je5cPMYQ4
172,uswoffer4r,Non-binary,Ao0jVZ9oGdc
173,amyerscough4s,Polygender,Jp8sVU6XC4
174,edoncom4t,Polygender,EVoRvEztE
175,jstclair4u,Male,jOn1tFNo
176,aesberger4v,Agender,67VF4z
177,scodd4w,Male,Qw5OTi
178,atreadgear4x,Non-binary,Yc3aoLvKNrm
179,kpoff4y,Bigender,pkJhN2EGJ
180,darnaldi4z,Genderqueer,e8nhxkKRaf
181,bblain50,Genderfluid,G4FdrlgkeI
182,bpeyro51,Genderqueer,IVZO5m
183,efoister52,Male,TlI15kYq
184,eboch53,Agender,8YBZEnkJ
185,efernandez54,Agender,6vIvliblLw
186,mtonkin55,Bigender,WzZUqzoQh
187,sivons56,Polygender,8ZwiREh
188,sdishmon57,Genderqueer,f55tmNtq
189,lantoniou58,Female,iPcXgv4in
190,dqueenborough59,Polygender,OZ97Kf
191,gsempill5a,Genderfluid,W31d5BD54
192,mbenkhe5b,Male,21V2bbsAs
193,cgleave5c,Genderfluid,9YW60uV
194,kdrinkhill5d,Male,7S9PUav
195,ecatonne5e,Male,F5lSexVeMRmI
196,whaughton5f,Non-binary,bWiVl9
197,gsaphin5g,Non-binary,85LAidE
198,gmaccarter5h,Genderfluid,ro3Eef49vV
199,mwalworche5i,Genderfluid,WtilddiLvX
200,tbonnaire5j,Male,23MvPXoDG6L
201,htebald5k,Female,JizXDUe4
202,dtomsen5l,Non-binary,I67iLPl96EII
203,dpearson5m,Polygender,bbVEMB2ZeYF6
204,esprowle5n,Genderfluid,w9zbY3Ef
205,kdemattia5o,Non-binary,1nLJXXa
206,tladloe5p,Bigender,BZwYQqc6OT
207,snorcop5q,Bigender,nKlv18
208,vquelch5r,Non-binary,Dt0WxgesF4
209,natkirk5s,Agender,hB7Zh7
210,shancill5t,Female,7wfjWzqj
211,acozins5u,Non-binary,7a5iZrxzEX5V
212,vrosingdall5v,Non-binary,SAIv6fug
213,dfinker5w,Male,AsnCMkuTfI
214,lsancho5x,Polygender,AX1rDNJMCb
215,rkobes5y,Genderfluid,ctcxIc3BFG32
216,ikuschke5z,Bigender,Ws21m5F2xV
217,svandervelden60,Female,7RbISIJy
218,gleasor61,Female,wzoezJRiit41
219,dmcinnery62,Female,gTrj4m6sy30U
220,lheenan63,Male,gDikl9Ko
221,eswaby64,Genderqueer,q1WvWss
222,pkuhnt65,Male,McRZ4Gc
223,mclewley66,Female,DXHMtJL
224,ehonniebal67,Genderqueer,EQXyS1OUg9gt
225,dankers68,Bigender,FsuucYL2i5I
226,kfrewer69,Male,ToslBT
227,eerrington6a,Non-binary,agQ2Q4iLGetH
228,fthurgood6b,Bigender,kS5nnNed
229,sgierok6c,Genderfluid,bAOswWjrycK
230,kmays6d,Polygender,VNaojS
231,pmarcussen6e,Genderqueer,FfeleF01Z
232,gneedham6f,Bigender,zGcfuEpMZVhd
233,nsalmon6g,Non-binary,p55e4I67lIJ
234,joxenham6h,Genderqueer,5bybePY
235,vducarne6i,Agender,vFdmexLpKfEw
236,dlarraway6j,Male,ehUoRW8GszBX
237,dcorrie6k,Genderqueer,Ezoe3ZRj2iz
238,tdauby6l,Genderfluid,N28eZ9ZDN
239,achettoe6m,Bigender,OwqcnGAmc
240,hwallman6n,Female,Y0mOSQ22O
241,pmcsparran6o,Polygender,RfOV07H
242,tblamire6p,Genderqueer,M18mrOGqt
243,adickin6q,Male,ZLTX1d
244,gdawnay6r,Female,SnI4aRgx
245,cmoscone6s,Genderqueer,wu1bO8SKAFwB
246,aavramov6t,Agender,NCOou9BA
247,rweir6u,Genderqueer,0KfekVvQuL
248,hdunabie6v,Polygender,o9Xfi00mf
249,srodnight6w,Genderfluid,Cp5l2TnMLb
250,wburgoyne6x,Genderfluid,xqCEiyX
251,smeale6y,Male,dk6D1K
252,gcamps6z,Genderfluid,kiRqVc215tkI
253,trodden70,Genderqueer,rQSIEYQe1
254,kshovelton71,Polygender,UzHVO7DRr
255,bpeirazzi72,Polygender,RLOQMtb
256,jeagell73,Non-binary,GS45N8XJZ63
257,mcharville74,Non-binary,1MEXyqnkGH
258,gallbon75,Genderqueer,E3cW6Kvvugc
259,ewickerson76,Male,tZ6AzVRN3Hv
260,eghilardini77,Agender,xKtBjex4x
261,pkilmaster78,Male,BKVOjofMPBj
262,cmalins79,Non-binary,YdjdhbKoq
263,afairrie7a,Genderqueer,twPZgB7AKi
264,thallaways7b,Non-binary,Uz26Qoc
265,glideard7c,Polygender,EHYWcDdGQo
266,pnewns7d,Polygender,MADspCNnKg
267,dforton7e,Bigender,TfhSU60LmUA
268,mshalloo7f,Genderfluid,b6m8u5
269,rmccarl7g,Female,M4FCkJagu
270,pparbrook7h,Genderfluid,wFI7mULZcMG
271,nscandrick7i,Polygender,tOsnVpNO
272,bdigger7j,Genderqueer,JdKIMVCd
273,edavidge7k,Male,6vhh16Kxh5kW
274,hcollumbell7l,Genderqueer,I7FImU2ze5Ur
275,cbolderoe7m,Bigender,9HliowsiYSCV
276,bsemper7n,Female,vpmitU
277,elardnar7o,Female,WtQIXgOvIic
278,bspinke7p,Bigender,I6eaih0Z
279,schapellow7q,Non-binary,HzszzTFN0M
280,tdand7r,Male,8hRoxI
281,kceaplen7s,Genderfluid,OtaCgXFARB
282,apendleberry7t,Polygender,5Qtuda
283,vyakov7u,Genderqueer,nOReRbY0
284,wwitton7v,Genderfluid,PLp4NjKUiI3X
285,ohubball7w,Agender,ltuSsHB9rbZ
286,cmccaughen7x,Genderfluid,WpELB52yoD
287,cdybald7y,Bigender,lZ4AuG2ZAW
288,rmuehler7z,Polygender,UsrzvX
289,oharnell80,Agender,SFJJFM
290,mpaddemore81,Male,Tbw5gWzZLbxy
291,lcapoun82,Bigender,y7PhEWqbla
292,mdowling83,Non-binary,tnutPCr6
293,atruin84,Male,BQETOl
294,oriby85,Genderqueer,Ex0pX5ZuoL
295,cbeldan86,Agender,dfRdeALW
296,dpiatti87,Bigender,9CSaBnldO
297,gbidnall88,Bigender,pKtxDb7BJ6z
298,jwebling89,Agender,UnRdMjPDKPB
299,ebarras8a,Bigender,ZuYtZysypNOF
300,ewearing8b,Genderfluid,nw73PswGb
301,cgummoe8c,Polygender,JLtV6NU
302,bplose8d,Male,IL4Y9l
303,lwoolam8e,Polygender,kK5dkLJVnrKQ
304,dfeldhorn8f,Genderfluid,eAYSkl2OG1
305,emcconnel8g,Genderqueer,x0gRXwaNSWt
306,mcannan8h,Female,pXNEi5
307,jpaviour8i,Non-binary,Y0sPh56S0XS
308,rbadsey8j,Genderqueer,Djr9Va4w
309,vyair8k,Non-binary,mSWtIZHoW
310,nfebvre8l,Genderfluid,XNIEXnE
311,ntaylerson8m,Bigender,ZbkOdXN
312,dmoakes8n,Agender,g4bUBrn
313,tgotfrey8o,Genderfluid,avjwN4GYRz
314,edacre8p,Polygender,mQOzdjlL
315,ftegler8q,Agender,4nB30aGV
316,gcovino8r,Non-binary,zshkYAdvW
317,etamburo8s,Agender,wT58hiXgyMVz
318,ebeglin8t,Male,LqnAHdPZfob
319,nbore8u,Genderfluid,XZdvPaC
320,rtingle8v,Non-binary,f1Tvza9K1
321,ehuggens8w,Genderqueer,g4DibxK7hv2
322,hphilpots8x,Bigender,hmCUlvb
323,ifairfoul8y,Male,t4HYPq49
324,bnussii8z,Genderfluid,D7vtB8w6V
325,csimek90,Polygender,3lHKpwvSGh
326,jpowelee91,Bigender,PmyTg9dB
327,dcolthurst92,Genderfluid,E7fhxS
328,rmohun93,Non-binary,BGSBPFrzz2P
329,wwikey94,Genderfluid,Wc7KBR
330,jassinder95,Female,qa6UqchgIa6p
331,crandales96,Genderqueer,z7fX5GlJJ50
332,elindenbaum97,Non-binary,IBqTnE8B66
333,ofaulkner98,Bigender,NJ8E0e
334,corleton99,Male,dS6bWF5
335,msimionato9a,Bigender,74dsW75xe
336,dsrawley9b,Genderfluid,X0NZpBr
337,mriba9c,Non-binary,Z2r2mjP9MCpC
338,fmacsween9d,Genderqueer,GGECsVhJ
339,mspringate9e,Polygender,bE1V48Ivf
340,ecanedo9f,Genderqueer,SqNQ4sW6Dn5
341,zrenton9g,Bigender,UHfxQHb9ml
342,pcuvley9h,Agender,fpUqnTDb
343,mjeafferson9i,Polygender,DdLtZd
344,jdudeney9j,Agender,hZqSsb88
345,bcrutchfield9k,Polygender,UVVICGf8YHl
346,ioffield9l,Genderfluid,CIke3s
347,gcabell9m,Genderqueer,bArLlttlYTN
348,gabyss9n,Polygender,8nMJ6w
349,kblinde9o,Genderqueer,XPo4a6DGnA
350,jdawidowicz9p,Genderfluid,yiHMNVM
351,bvandervelden9q,Female,lmupZcgCvXPs
352,twhybrow9r,Genderfluid,iZ8U1t1AX
353,hboosey9s,Polygender,fragQH9mUqL
354,nbertot9t,Polygender,Tl4AyWfB79h
355,pyosifov9u,Male,32vwcC2zN5zh
356,cgatherell9v,Bigender,X5DQCcafM9zC
357,cmckenzie9w,Genderqueer,YEcxvS
358,ttripcony9x,Non-binary,0RQj2EGuTN3
359,cbeeby9y,Male,Sfwaiiy8
360,bverry9z,Genderfluid,kxSBK5rXJtXx
361,gmccrostiea0,Male,eD9MzrG8B
362,scrockatta1,Non-binary,z4gWTVVJRAt
363,mbranstona2,Male,ekVIWQn
364,vhowsana3,Agender,XbKmBs
365,mkayleya4,Agender,jffyrhDu50
366,dpetascha5,Agender,PtnbSbzOY
367,zcocklea6,Genderqueer,woL5YCbBF
368,jhartya7,Genderfluid,bQirSYzz7
369,ebrigstocka8,Bigender,i0xTEp14lw
370,ashallikera9,Bigender,PoxfD0ITVlRE
371,shavileaa,Agender,FgLWPpsDPJ
372,cfarmarab,Genderfluid,MLUatCMq8ZYZ
373,cguirardac,Female,ID3Dqz
374,ularrosaad,Agender,NMhsSX5
375,djeevesae,Polygender,BQXwlEnDzr
376,itrevenaaf,Genderfluid,CZZxt7UJAS
377,tedardsag,Bigender,QfRrc6NZ
378,tberrieah,Bigender,2GR1Mf6Jhd3
379,gfayai,Genderqueer,ZMjSUcjYP
380,mquirkaj,Female,HZGdoUaqm
381,acoathupak,Genderfluid,Bgwqfh
382,akillingworthal,Polygender,0SBzGHK5RZn
383,kboarleysonam,Agender,kQaffJ
384,fflugeran,Non-binary,w6ldoir
385,eronayneao,Male,21Iv2v
386,hpraterap,Non-binary,Wd79tb
387,lopdenortaq,Genderqueer,gsMLFws50z
388,bgerbar,Female,pot5xy72Dq
389,mlatimeras,Female,5C1jMp6tX
390,kdaniaudat,Genderqueer,GHaAV0TtAz
391,mbeevisau,Polygender,ZU14VtHQxoW
392,szornav,Male,rIijPdSTSL
393,abayleyaw,Non-binary,0ZUYIu
394,fheseyax,Genderfluid,xDBroHAiLyC
395,ycloneyay,Bigender,kdqgUNJs4Z2i
396,dnevetaz,Genderqueer,150e08ljKEL
397,tsellnerb0,Bigender,p23UnhRcy
398,ecullingworthb1,Non-binary,FwD2N2rG
399,tshergillb2,Female,lxr6LwNJWsq
400,dsummerbellb3,Non-binary,gQEaILt3gLr7
401,ameltonb4,Non-binary,WOXW8p
402,bschurickeb5,Polygender,igd4DU
403,asowthcoteb6,Agender,PszFG6ES
404,bmetzkeb7,Bigender,4LSyk1b3Pu
405,bmcdyerb8,Polygender,r0atmp7M0S
406,gdaburnb9,Bigender,rWW2y6j6FZt2
407,tbergba,Genderqueer,BqBx4N8knTf
408,amuskbb,Genderfluid,ZrdGU6
409,aschorahbc,Bigender,AeGJcrhLbZx
410,jchestertonbd,Polygender,cGzhLzJuW9
411,csplavenbe,Genderfluid,h7JU9DVHGus
412,daugustebf,Male,JCFKyPz
413,tfetteplacebg,Agender,xu3Ym8c
414,ecollcuttbh,Genderqueer,slcinO7vh
415,emapisbi,Non-binary,fAZNAQzba
416,tpiperbj,Male,UyPVO1P79Y5f
417,fbazekbk,Male,0Rfgvnpf7
418,jchesmanbl,Bigender,QNfGma
419,gakehurstbm,Bigender,oG4X0sclm
420,gmardellbn,Bigender,Nd5UpQUovr
421,jbuckeridgebo,Agender,xpbHmrbhqv5
422,slathwellbp,Male,pSGrzb
423,agulstonbq,Bigender,7pBSfasX3GkC
424,tschneiderbr,Non-binary,PRZ3yHrlYsV
425,gdadybs,Non-binary,YAb1Fvu
426,vmoorerudbt,Female,BUHr4HdBywr
427,ngreensitebu,Polygender,Rd5p7C4fMG7U
428,amcquiltybv,Genderqueer,Flary3
429,flevenbw,Non-binary,lG9XVN7P72
430,sloisibx,Bigender,tW0ZgJUH
431,rstanlackby,Female,lThqcBNy
432,kkarczinskibz,Genderfluid,BN4Tfle
433,rbrimblecombec0,Genderfluid,kseY03yed
434,tswabeyc1,Genderqueer,WJw0kE9rui
435,tsimakc2,Female,vdkzS8
436,kimortc3,Male,ZDz1icF
437,atreskec4,Agender,ZugWYv
438,shookec5,Male,Bi6gG314
439,tnilgesc6,Bigender,jIOYam1FR
440,vanersenc7,Genderqueer,e8fnWg
441,aandrissc8,Genderqueer,LW7KRW
442,takettc9,Non-binary,BEG3mNxikO4y
443,rcheekca,Genderqueer,yyZ6sYOx9GHE
444,mrigebycb,Agender,pJ0usp
445,cminichicc,Genderfluid,urjjIeHxQxQ
446,jcloptoncd,Genderfluid,oxbaM21werLt
447,dleelece,Female,UW0D27KVKT2d
448,gjobescf,Genderfluid,tRGptVnbvCXa
449,cfoskewcg,Non-binary,9AfNBsbbUy
450,wgadneych,Male,DNMGd6vN
451,cpalethorpeci,Bigender,j1l9yCtNcy
452,ibroadfootcj,Polygender,N1IIcw72KS
453,ofuenteck,Genderfluid,UjH7xQ0rB
454,ttrayfordcl,Genderfluid,NvYXc4iCKbCY
455,igalecm,Non-binary,51m3Kb6Omm
456,kdibiagicn,Genderfluid,XzP5bYT362
457,kkettemanco,Bigender,OjP3ALn
458,mbedenhamcp,Agender,JUREUG
459,rwitcherleycq,Male,NPSmK26w
460,pmatyushkincr,Non-binary,bzxOzfE
461,svintoncs,Polygender,hUal3FPfrEs
462,ibateyct,Genderqueer,VFYww6
463,mivanishincu,Genderfluid,QMx853
464,bmelmarcv,Non-binary,eU8KjH
465,mmousleycw,Male,r5qiqG
466,vstetlyecx,Genderqueer,2ovzj1WH6
467,rgurtoncy,Agender,6qVe6dV
468,rvizecz,Genderqueer,5lRS2A
469,meyckeld0,Genderfluid,7sWTiZGd
470,ifaulconerd1,Bigender,HvdwB4Y
471,ysukbhansd2,Genderqueer,pUTQDv00JBX
472,ohazeldened3,Agender,7a8GyEbvD4e4
473,hgahand4,Bigender,RX5GXQI53Gy
474,zchantrelld5,Polygender,kvdmQun
475,jroulstond6,Bigender,geAhoP
476,kmacdougalld7,Bigender,UBoaoFcZtoh
477,screnshawd8,Male,stsukh
478,hhevnerd9,Male,jreLmqii
479,swoodgerda,Non-binary,lvQ38spN7P0g
480,dlugdendb,Male,GiifMFxO
481,wcatlettedc,Bigender,r1kIpiFaP
482,ldoerrlingdd,Female,vkYV633ue
483,gshearade,Male,L6L6tGaoe3D
484,csieharddf,Female,JSFTba
485,adrynandg,Genderqueer,IIEPKG
486,dvliesdh,Bigender,KO7tAdlRw
487,jhatchettedi,Polygender,VqbRFvVStLq
488,jmaykindj,Bigender,x4TfwzYQCR
489,phollingsheaddk,Non-binary,1TZzFG
490,cdesouzadl,Agender,72GqNnXouqIK
491,fangeaudm,Polygender,oeQlRX4
492,mwalsomdn,Polygender,JtFEcnFeZ3hM
493,blefeverdo,Bigender,2b1Veyvpp
494,nfeedhamdp,Polygender,Dd6UmDJgWJ
495,skobierskidq,Male,GAqUJMayg4Rr
496,askittereldr,Polygender,Gg9i5m
497,lgierthds,Female,4u3wv5
498,rhardcastledt,Female,RnCnNGubL
499,tattrildu,Non-binary,jmu2NNdk
500,epuigdv,Polygender,TODfuqhpqH
501,csimonazzidw,Agender,hJ6SDn
502,pshillabearedx,Agender,AHjPL2
503,kvittoridy,Polygender,d7TucnHh6
504,lkedwelldz,Bigender,7qDsrzo
505,afogte0,Non-binary,3pKGgRJiU
506,jwaddilowe1,Polygender,wamsTx4pqR
507,mwarrendere2,Non-binary,gNADqpRz0lJg
508,rspeariette3,Genderqueer,g69ypfEu
509,lgiannottie4,Bigender,M8POFkD1f
510,slightbownee5,Bigender,hM1KnxD5HKT1
511,abunneye6,Female,6FxW2y0
512,pgassone7,Agender,zGqZ6qdTr
513,gfebene8,Female,IWfIBt3fD
514,cfarnhame9,Genderfluid,8UAPUS3
515,bmedfordea,Male,k9FghP9S3P0v
516,bconeybeereb,Female,zrxjZlA
517,hfranklinec,Non-binary,bNx0B4tE
518,vscullioned,Male,l4k9hWv
519,lyakoboviczee,Genderfluid,yHQI9H
520,eavrashinef,Agender,KTEF4PBJMHT
521,mmelsoneg,Male,r04SAQYTh0
522,iseggeeh,Agender,444oDC4
523,cdriuzziei,Male,PZl7sIQNVL
524,reannettaej,Non-binary,6F3Fa6jCuG
525,ejobkeek,Polygender,IgchHY2QY
526,lstartel,Agender,rxC9NG8M8L2Y
527,tinglisem,Non-binary,ihFSxCkBs39J
528,rglandonen,Polygender,WnaH7e
529,wkillingswortheo,Polygender,YKWiAGOD
530,zparfittep,Female,NA7QVVignNY
531,ltasheq,Agender,MrTzxgwby
532,ksevener,Male,AfkopsZKF
533,bfilipovices,Female,ttHFUy
534,dbanghamet,Female,PPy0ipokd
535,emazziaeu,Genderqueer,6Mc98vfpi9
536,measmanev,Genderqueer,zFDyBN0ZO
537,tduddellew,Genderqueer,LjFAGk
538,aplemingex,Bigender,igMum2dPAYU
539,gzecchinelliey,Polygender,2KwyT71g
540,msawreyez,Male,7XbqsPxfPbiK
541,sliebmannf0,Polygender,MDOOs7ulOx
542,svasishchevf1,Polygender,Q4hbm3n
543,mcheyneyf2,Polygender,VK1zpb
544,fpenimanf3,Genderqueer,aqSmW03xO
545,dpopleef4,Genderqueer,j0Gt0y5N
546,bmcbridef5,Genderqueer,SyWikPlTFC
547,reburnef6,Polygender,Ovd6k5RsKH
548,fgeorgelinf7,Genderqueer,uqyDm5
549,rmurrhauptf8,Non-binary,d26fkMj
550,pkyndredf9,Male,sC5nXfSSqX
551,csauratfa,Polygender,7j7DaR
552,stinnfb,Genderqueer,awaViU
553,ypadellfc,Female,NvNDPFnwe
554,bveversfd,Genderqueer,ccH7Umw2s
555,lbutterfieldfe,Non-binary,V9XqOlohgwy
556,wtourvilleff,Agender,KTS48wJ3y8L
557,nhandkefg,Non-binary,be8g99wJ
558,preignouldfh,Genderfluid,BUjxYV
559,dcortenfi,Male,rybIGIb
560,jtummondfj,Agender,iWRsi9ipYbSK
561,tdinkinfk,Genderqueer,jDxM2aYP2G
562,gjonfl,Agender,HjHFGoxRq3
563,btebbetfm,Male,uf9ZCh
564,jskeatsfn,Genderqueer,jijngC6lb
565,kpirreyfo,Genderfluid,vFdlxD
566,rmorriesonfp,Female,nJtb768u5G
567,rpoxsonfq,Male,3qkUnvh
568,bgiannassifr,Female,IYAFo9
569,ftetleyfs,Polygender,7tBD8uo
570,mcrawfordft,Bigender,ZmrAFB7
571,rjothamfu,Bigender,sjhHA7483E
572,tdupoyfv,Female,46PjIp6I
573,cbasnettfw,Agender,mGbrLxAXCK
574,rcanterofx,Female,hThaEAHtlS
575,lansettfy,Genderqueer,HuVUC32
576,gvogeleinfz,Non-binary,giMPxb
577,dkilgroveg0,Polygender,3m5Miedsz
578,haizikovitchg1,Genderfluid,R7uXrJ
579,jtilmouthg2,Male,7iIfrDl9bj7G
580,jdodridgeg3,Polygender,44zOA14j
581,givanusyevg4,Non-binary,qcDSPAXzct2u
582,fwoodyeareg5,Male,dYybEdtRtI
583,phandrickg6,Genderqueer,8yqbM9
584,mflaundersg7,Non-binary,244lnz652J
585,smatticcig8,Bigender,ESC2cVjl
586,ktiplingg9,Genderfluid,sXoxqeilrTo
587,dhosburnga,Non-binary,QxtQrsG
588,bbauntongb,Bigender,oPkCxacc
589,cwadlygc,Agender,kr9fkqVz
590,hmathongd,Agender,BSWZvDRjgcLf
591,qsnoadge,Non-binary,ZFSpU6Q2zbK
592,bjellygf,Polygender,VEzuFllRK
593,kcounsellgg,Male,ncVT1xTn
594,cdonngh,Male,KDv7P621bo2
595,srawlsgi,Genderfluid,LrQOcVm4Pn
596,bsuggettgj,Male,AyRNUSewsdh
597,twallergk,Genderqueer,F9h3Kobo
598,gottiwillgl,Bigender,yjf6Mv
599,slawdaygm,Male,yEBM8EDlB8
600,trimmingtongn,Genderqueer,93dre6AF
601,lhuggingo,Polygender,HygYqn20hXqF
602,bmclisegp,Bigender,eVbR5i34x0m
603,stollertongq,Polygender,noWke1qoZr9
604,eromergr,Non-binary,Govxu6
605,drussgs,Genderfluid,LjaqWP
606,jpotegt,Female,zy9TrI
607,tmcgheegu,Female,gJFBKBU
608,mgomerygv,Polygender,t40WPjwZUW
609,lyanezgw,Polygender,HACcV1
610,cmorleygx,Bigender,kYvouI5oWf0
611,cgrzeskowskigy,Genderfluid,zMOmdJJp7
612,lmaharggz,Non-binary,EwHL9x
613,rtudbaldh0,Non-binary,bKSnyIHnT1c
614,iballendineh1,Bigender,14wd96kb0
615,eryderh2,Bigender,VnyHnNQ9fIdA
616,abreretonh3,Bigender,pkaHbZp
617,sdaglessh4,Polygender,gglCepeQTJU
618,rwhooleyh5,Male,Q0EngNTc
619,wwhitnallh6,Genderfluid,brozylL
620,ngarreltsh7,Polygender,YotAxXq9rvBv
621,sflewetth8,Male,MbD27ljxGRw5
622,nbrabanh9,Bigender,hYaZsy
623,pgreenshieldsha,Male,5Sm58J9ISntN
624,jsweedlandhb,Non-binary,fuqipskTPt5Y
625,jmillhc,Genderqueer,VessfoakO00n
626,cbroydhd,Male,72ukzjIoJG8
627,tmorrisshe,Polygender,DxYYU4Kht
628,fwalstowhf,Genderfluid,iO6EzlOk6dhF
629,kfindlowhg,Polygender,mghAY5z3L
630,korchardhh,Male,9VFjtxitM
631,lsweetenhamhi,Polygender,ONk0w9AY
632,idykeshj,Genderfluid,hUvnLpm9bX4u
633,fhurleshk,Non-binary,szdzEHJWaK
634,aboatrighthl,Bigender,01Xg3GZXae
635,jorsmanhm,Bigender,BEY40peDUrf
636,norbonhn,Non-binary,3tj4RGP
637,aclemoho,Bigender,xOu3nt5PqLlN
638,lramalhohp,Agender,PoU80zOehMO
639,rburrillhq,Male,sjcwdl5ss
640,glorenzinihr,Male,gg0DFaG
641,rheretyhs,Female,ZBKM08ykn7
642,galiboneht,Polygender,c0U3haY06WzT
643,ssibbehu,Male,lxRZqUg
644,ktwiggerhv,Female,IQUNK68LZZ
645,qwimpresshw,Agender,TJWL4jXT9
646,ntegginhx,Male,a1PMDowOVT
647,scoudrayhy,Non-binary,KMBUiW6YyEfo
648,ecominettihz,Non-binary,HScpUM5S
649,mrattenberiei0,Male,sx93ffGW41
650,bpagetti1,Genderqueer,rbqQ7Awp2
651,eheaysmani2,Agender,iBefKikI
652,ichristofidesi3,Agender,zIiK0k0lNWHf
653,gbutleri4,Genderfluid,9qBiOFN
654,kmeai5,Polygender,Q8WAfPzG
655,mgoningi6,Genderfluid,x1gsU6
656,wmccaffreyi7,Male,uIuUBH
657,fmcgebenayi8,Polygender,hbbVcb3p
658,mvasyushkhini9,Genderqueer,RkJ9f5Ed
659,nkenzieia,Male,1vXTk2fvmKGs
660,dbergeib,Genderfluid,zNMIYyK
661,cstiegeric,Male,xUSMa6mV1CR
662,ghundallid,Non-binary,adFtzBAK5G2
663,ebadgerie,Female,5HjJDSO
664,phadwickif,Agender,tmU2RA
665,jbyromig,Non-binary,X9CCm6slqDa
666,pgribbleih,Genderqueer,D8RrYiE
667,alutherii,Genderfluid,vYIwAfiPvE4
668,rbeallij,Genderfluid,BThdXd6e9jW
669,cchataignierik,Male,xf4KIx076
670,jpitneyil,Polygender,Pgefux3g
671,hansellim,Male,yqu5shsiV
672,caugerin,Non-binary,xwz2XEmUBh
673,phughfio,Bigender,fV7D1zU
674,mbritoip,Non-binary,7qp1VQss
675,ckybbyeiq,Polygender,k3nyt4F79a
676,wboggersir,Genderqueer,cFep50lZM
677,csintonis,Genderqueer,Ist7xHydX
678,aballingerit,Genderfluid,6czYmeC
679,tfilchakoviu,Female,74gaZyTOGD
680,twilkinsoniv,Bigender,iywF2jpKx
681,adarycottiw,Polygender,zszpT0lQ
682,ebarnwillix,Genderfluid,xmvdjCT
683,stoothilliy,Non-binary,gPuNSwSvnT4
684,svaudreiz,Genderqueer,vAyV3T3C
685,afealyj0,Male,kMGLplZNWN
686,hharlyj1,Polygender,52n4njvn
687,rtarbardj2,Genderfluid,JfFB05gR1
688,gbrandaccij3,Genderfluid,o4xD2Snq4w0
689,mstrittonj4,Genderfluid,Z6I8mq
690,cbudgetj5,Male,JJy4vfI
691,kleghornj6,Bigender,oRkha9
692,nkenderj7,Agender,yj4Je9LGIC
693,qseamanj8,Genderqueer,WaQVdW4kfV
694,dcuthillj9,Non-binary,HPsq6JKYt4qK
695,sbraunsteinja,Non-binary,g2NiCEg7D
696,iruppeljb,Polygender,wyf0xUvSO
697,gkinnockjc,Genderqueer,S6EULF7JZmA
698,eblosejd,Non-binary,jjAbtqX3y
699,jfavellje,Polygender,nU0ZjX01
700,esuthereljf,Non-binary,C6tchInB8E
701,jbrennansjg,Bigender,UJbxwBp
702,lmccardlejh,Polygender,o61b7mjV
703,sguerryji,Polygender,Imo2yDq
704,hnestorjj,Non-binary,1pdjBXdcVnwj
705,klaugajk,Bigender,k7JjtLEAi3LS
706,gaudsleyjl,Agender,qGgTLiHb61G
707,etremolieresjm,Bigender,eGavBbY6
708,emcgareljn,Male,aXabP7U
709,ngouldingjo,Non-binary,EpSFROUp
710,igostalljp,Female,XI02LPBVa
711,ncurlessjq,Bigender,fU3aiU5
712,tsundinjr,Male,muq4Pb
713,izamboninijs,Genderqueer,tqccB6dML
714,rfergussonjt,Bigender,g7zhQSonF5xj
715,rmccallionju,Agender,QeUVzCYK
716,oknowlmanjv,Male,b2kw08k4Mo1U
717,bbartlejw,Male,jtCEF1X
718,kstellejx,Female,7jJHnC
719,gsweynsonjy,Genderfluid,Kx01CRY3
720,ecorhardjz,Genderqueer,kByX8xI7a
721,wmilsonk0,Female,40CYMS9
722,agalek1,Male,tdXpXo3s1
723,etutingk2,Male,RUzd0YLT
724,fpetrenk3,Female,08zHmVZQAUR
725,acolgank4,Non-binary,LKDWtVkjHdeO
726,oshepherdk5,Non-binary,9svDh0
727,bgiovanittik6,Female,CphIObSd
728,tlochheadk7,Non-binary,IbLSeH
729,sfranschinik8,Male,as3VQknWJ1
730,holyffk9,Male,r6Aun2TNqsXb
731,jnealyka,Polygender,RjFmBdVqu
732,rsagrottkb,Genderqueer,pXhsRSr
733,alabordekc,Female,V3ieazZJwZAE
734,samoskd,Non-binary,btJ31cDn
735,broneyke,Genderfluid,319D0x3h
736,jverheijdenkf,Genderfluid,kXz5zOs6qQaC
737,aohogankg,Bigender,xZORBg0R4
738,lmcgarvakh,Bigender,vvowlIqx7aWR
739,cburbankki,Genderfluid,Tdm7coKcA
740,zrottenburykj,Polygender,rxXrztoH
741,ahorrodkk,Female,5UojXSlGwri
742,hbredgelandkl,Agender,CKeXQEYJi9Y9
743,jmcdougallkm,Female,EAVX5yiv
744,rthornleykn,Non-binary,NlYxehASbv
745,zbedwardko,Genderqueer,DmyEfvhSnj
746,hricardonkp,Agender,mlX80OnU6y
747,cdevonskq,Male,z10yGR9jCR
748,lsallingkr,Polygender,XIx8Sp5f
749,cweddeburnscrimgeourks,Agender,Ws1b0HB
750,lhuffeykt,Agender,BHHJRIG
751,bedwardsku,Genderfluid,VIl9EWMD
752,mkibblewhitekv,Genderfluid,IUhc9ewH
753,ewalekw,Polygender,MipYqU
754,rdunderdalekx,Male,X63hP3Hqfua
755,bgrunwaldky,Genderfluid,R7wMn0Udu1U3
756,mruecastlekz,Polygender,wiQ5DzM
757,ldilnotl0,Male,TbPbEOY
758,gmattiuzzil1,Polygender,wCazs1V
759,mwahnckel2,Female,q4cwzHMg
760,msantryl3,Female,AZ0tGE
761,gledsterl4,Female,ujby6MER7
762,sdonlonl5,Non-binary,xYmCAuJ6NCxF
763,jcastagneril6,Female,QLBoHuJc
764,imackinnonl7,Genderqueer,5lzjO8Obd
765,jstocklel8,Non-binary,l1Xa7l
766,jcurrinl9,Genderfluid,F91g0WVs0
767,aharwickla,Polygender,tTCsYvyswd0p
768,mbulcroftlb,Polygender,kzGPw9lEH
769,comalleylc,Non-binary,BfVT3WrP52r
770,cbonnifaceld,Polygender,N8h8scuY0
771,kcandlishle,Bigender,2uBaGIgdd
772,hgidneylf,Bigender,T4e4wmArA
773,tbrickseylg,Bigender,7AhoZKl2x
774,ggastickelh,Bigender,LJtrqhuBLFx7
775,alawilleli,Male,nty1aX
776,ajociclj,Male,ltmVwfVbEwp
777,smellerlk,Polygender,IwndiW
778,fleghornll,Agender,51e3iof
779,nfleglm,Non-binary,5P2iFi
780,ncressarln,Female,qnU5C3O6
781,abrissardlo,Female,EkjZaX7
782,rfancelp,Male,fNO5WyhE
783,lkenninghamlq,Bigender,Yz6zuCvINw2
784,isticklerlr,Genderqueer,yxbGwytZwt
785,kbalstonels,Bigender,w5ztI4h9o6x
786,udorrelt,Agender,IdfPtk7
787,ntookilllu,Genderqueer,UXR6NZkvWEF
788,tsweedlv,Genderfluid,i92UtxSwr
789,mogdahllw,Genderqueer,lJ2iKof3
790,bfogtlx,Bigender,8hheFu4nCi
791,nkellerly,Genderqueer,Z0r1Ro
792,clodgelz,Polygender,4caubtL381
793,mogilbym0,Genderfluid,OcaV5i946N
794,cgodsalm1,Genderqueer,HkGnigMQnop
795,tsissem2,Bigender,raYj8kUD
796,llaugharnem3,Non-binary,mYToZtnCp
797,sdeavem4,Female,UpD3q56e
798,akingswellm5,Non-binary,zEOo02M5Z7X
799,rpostlesm6,Female,A7mSTTAe2jN
800,vandoverm7,Genderfluid,NDgRHHIDcvtA
801,csimonym8,Agender,4iX2rl
802,jdrewsm9,Genderqueer,OLcpJ0V
803,rcurzeyma,Bigender,hr9IrV
804,cdangelomb,Bigender,9gcCAEz
805,cbarnettmc,Polygender,PzOhMpYS9v
806,hwaliszekmd,Genderqueer,qlEdN2AFtkO
807,rromime,Genderfluid,k6TL7w
808,jrosenvassermf,Non-binary,nadz6APIHZ
809,scarikmg,Genderfluid,vJDQtNK25c
810,simlinmh,Bigender,pupw0kdgw9
811,ktackmi,Genderfluid,dlmhAYtbJ0A
812,pcartinmj,Agender,pHw7yN6Lewl
813,yclemendotmk,Female,skLGvlZ9yx
814,prichtml,Bigender,mIM2MEhhF
815,bologhlenmm,Male,xMxtJh
816,creadshawmn,Bigender,dwk2bvo
817,bpeartreemo,Polygender,bIatZsah3z
818,ibharmp,Agender,e4YP4I1
819,kcarnachenmq,Genderqueer,CjFAn9ajM9L0
820,lskivingtonmr,Agender,8gGQRuZL8r4
821,fhulburtms,Non-binary,xufUiv311H1
822,aramshawmt,Polygender,r1OFRBOe70
823,ngordenmu,Non-binary,hFsF6w6Gg
824,lclawsleymv,Genderfluid,W21bL3Us8R
825,swatkinmw,Genderqueer,evPzQJK
826,hewbanksmx,Non-binary,ZcdZ9KdlFF
827,jscottmy,Genderqueer,Sk1qe6Tsi
828,rcorballymz,Genderfluid,rjQvozLKG
829,cgercken0,Bigender,AEpUlrStvtO
830,rclissettn1,Non-binary,GarIhAFDIpU
831,wconnoldn2,Agender,FyJfHfFg
832,dscobien3,Polygender,Fv32hlO
833,fstaleyn4,Polygender,PfUcUDcVH
834,lradsdalen5,Genderqueer,FdHeDRSy8
835,dbeazen6,Female,LDTFV0ZGu
836,hrodearn7,Genderfluid,sS1Ihqk
837,ffenbyn8,Male,K4r5okPp2F
838,kcrosetton9,Male,YiX9ECsp6
839,mbillyealdna,Genderqueer,Fvof5tPGmvF
840,ralenikovnb,Male,6Bw0NHLV
841,dromeinc,Polygender,OtNguRw0
842,iaitonnd,Male,2PvKGQ8zLI
843,knarene,Non-binary,NfXqf02Uu
844,skedwardnf,Genderfluid,gAXVPoum
845,wtorring,Male,nkohPGaMOhNk
846,dtalloenh,Polygender,I6Vy23Ko2uz
847,dguilaemni,Genderfluid,E4VF2s
848,mgilchriestnj,Female,hZZRNXXmDy
849,eenstonenk,Male,SSh6qV1
850,amachannl,Polygender,2gcnDLJIy
851,jpieteschnm,Female,anosguvbh7
852,ccaveaunn,Bigender,qhYDFMHcE
853,rgulleyno,Non-binary,CaU2uUZ06ma
854,cklinenp,Bigender,2HAyvX
855,prenenq,Genderfluid,58mXJ3
856,tmonkleynr,Genderfluid,a9PYKqxf
857,cjaulmesns,Non-binary,SnOQTf
858,ichalcotnt,Male,m9hAGYyUh0Q
859,tlardeznu,Polygender,tlwYFtEkNo
860,sswaffieldnv,Non-binary,ZkJaPQ
861,mlowrenw,Bigender,tZhnG4E
862,skestennx,Genderfluid,cfaqXtoT9eh
863,mbrunescony,Polygender,V2SuwBd
864,tgauldnz,Agender,y9ZHD46bbtm
865,rlockyearo0,Non-binary,PzoE87ys
866,agasnello1,Male,pG54ammJ
867,fblondino2,Male,oAxU6bAOF7Yv
868,pwakeo3,Genderfluid,5wv0qk7
869,adegreyo4,Agender,YQCazJjro
870,hgorseo5,Polygender,XNJfFGKlKno
871,bwilloughbyo6,Polygender,xH4Va1QGo
872,mquinneto7,Bigender,A594A31t
873,rshilladayo8,Male,djhNIZA5g
874,aoborneo9,Agender,6SAMd3F
875,mpitherickoa,Agender,tRZv5DkQh
876,cleebob,Female,U6EOVCNQM
877,chalfheadoc,Non-binary,52CkBbtbAcX
878,ttewelsonod,Genderfluid,JXnv29S9A
879,emcgiffinoe,Female,4i3LDjdGgh
880,hhannumof,Male,TkfKliHF3OyF
881,tprantoniog,Male,KcGLEgB
882,astangeloh,Bigender,uEca9m
883,gmccomboi,Agender,lJjk9Ziq3Wmm
884,gpimblottoj,Genderqueer,BUAG3ryMC
885,pbehnkeok,Genderfluid,eulb6gER
886,gpanswickol,Genderqueer,mupWZ7XhbFZ
887,zhargraveom,Male,IaztXCOw
888,cpawlynon,Male,48aEh5s
889,skingsmanoo,Female,JGhOPM2yvKi
890,apohlsop,Male,B5whTH
891,eantonionioq,Female,oul51qUghB
892,rrubkeor,Bigender,G3MvZd1hBfoZ
893,ebrattos,Agender,0c0gzsa4bN6y
894,jbernatot,Male,0uS6dOORp
895,jgiggsou,Polygender,bUja8CC
896,slarrieov,Female,01N2JW
897,eizkovitzow,Genderqueer,pG6zgMJQ
898,jliveleyox,Non-binary,qX0a8XPsx
899,mfriftoy,Non-binary,MiUsQA6
900,searpeoz,Non-binary,7lMEUO
901,taddisp0,Bigender,VyOhINtb
902,mrourkep1,Bigender,WNlx1115q
903,vtobyp2,Bigender,zb6jRiQ1gVa
904,cmcgroryp3,Polygender,Qcgetd3xi
905,bsetteringtonp4,Bigender,x4zrvwq0XA
906,tsprionghallp5,Agender,RoTtS7Ufi
907,llavensp6,Genderqueer,G67g9aCvBa
908,wlathanp7,Non-binary,MuSSz5jgSPd
909,amorlingp8,Non-binary,8YOCjImqliu
910,nheaneyp9,Bigender,0613d4q1
911,fmerridaypa,Female,CCFfvOqvjG
912,sfavelapb,Non-binary,jKZM9a0oq
913,kpetkenpc,Polygender,YqHIBhnhJJN
914,fsteadpd,Genderqueer,pbzDgFZh
915,fdennistonpe,Agender,TpxUVtOn
916,tmccafferkypf,Genderfluid,KQ4INpX
917,cbleackleypg,Bigender,dpB59XVx
918,snewtonph,Genderfluid,JdBHZc
919,mdubockpi,Genderfluid,YWzQcU
920,ajorypj,Female,N1cEt5Xp9AD
921,jkeslakepk,Polygender,tXQ9MJJQz7V
922,jleguinpl,Agender,7OFJWXA1jwZp
923,ebeadnallpm,Agender,Rmon4BtJZ
924,vinglestonpn,Agender,iQDNV9czItpL
925,ariccopo,Polygender,buzpRLoCxNT
926,mpellittpp,Non-binary,Ak20PcIyEY0
927,dpflegerpq,Male,toDfYFewX
928,celverstonepr,Genderqueer,gB2KoTjjXs
929,ajocelynps,Female,HBYTOFBYq
930,baddicotept,Non-binary,lfWKWR
931,gmurraypu,Female,Il212b
932,sgillionpv,Male,8NeQ4CdO
933,mschwandpw,Genderfluid,d79KqdBa
934,mhelstrippx,Agender,kG5iFKkdwJXQ
935,acleminsonpy,Female,BgB3ola9j
936,mguytonpz,Agender,oy15P0
937,bcorcoranq0,Male,Zapn3eU2G
938,scroutearq1,Female,TuVATL
939,tedlestonq2,Genderqueer,xb2UtXJmG
940,sboiceq3,Male,ijUUWo2g5J
941,pboltonq4,Genderfluid,O3Mu12JzjO
942,emccuthaisq5,Genderfluid,jh9Utnh
943,grelfq6,Agender,Ouh3l1fUXp
944,wtregaleq7,Polygender,D9RxpO57L
945,jfaseyq8,Agender,YgyEWyEj
946,hmottleyq9,Male,nFDQKi3bLkNL
947,aamdohrqa,Bigender,21z8NV3
948,jgarriockqb,Female,wtk3It
949,imccalisterqc,Male,V1IgJ1DYI
950,amcfarlandqd,Genderqueer,S0TEEk
951,rduffynqe,Male,porr7kC6
952,sesserqf,Genderfluid,U53udNLb
953,suridgeqg,Agender,GGRmeQwT1LF
954,hmargachqh,Bigender,Cb6bMc
955,bhedworthqi,Bigender,Mdnbpb
956,sbottbyqj,Female,KoQiAcoQY
957,wcaldronqk,Genderfluid,U2gZOR9F
958,nparrattql,Female,nYHJ6TWrr
959,jmckilroeqm,Female,d6trvXM
960,dmeddemmenqn,Non-binary,AlWHw0gy
961,hdebrokeqo,Female,6CRsWhXR
962,tweeklyqp,Genderfluid,QSupjlML2VJ
963,wmatterseyqq,Polygender,pHE1XvPGMTnr
964,cnoriegaqr,Non-binary,0DjhwDbU0r
965,rrzehorqs,Genderfluid,BHv5gMTpGrF
966,scamblinqt,Non-binary,ZKLDjpopPN
967,abiddissqu,Genderqueer,cYEdPrDGL
968,tmasdingqv,Male,Ogvcrd
969,hekeqw,Genderfluid,aCZwquwF2o
970,sklaussenqx,Genderqueer,Q4m36a
971,jcapeyqy,Genderqueer,1XXgqkB
972,glangstoneqz,Non-binary,i5xstRA
973,jcossellr0,Male,uSq079
974,bgerinr1,Genderfluid,HXjtt9OGyJX
975,bbostockr2,Genderqueer,pCfmsEnd9
976,agaskarthr3,Genderfluid,KQStA8x
977,mhirjakr4,Non-binary,laBJ1qsE
978,ssedgeworthr5,Polygender,WmWpT1C
979,hcamblinr6,Agender,yn4Rn5zB
980,nellistonr7,Male,rU77iwZwcf
981,paleksashinr8,Agender,1hINn6TA
982,hslymanr9,Bigender,8naqrdbDmv
983,lpitwayra,Genderfluid,wfidwRSEn
984,wdollimorerb,Non-binary,Q5QJQfc
985,hramsierrc,Bigender,uD6TsEPZQ8Bj
986,jjeannessonrd,Genderqueer,NyKyM0G4y
987,fvittlere,Male,Q6BELrUoKxy
988,cdewirf,Polygender,nxda4YvUsK
989,gmacellenrg,Polygender,72gbQSDx
990,gbantonrh,Genderfluid,cicBEeROAE
991,vasaafri,Polygender,YgrYDRsiIEO
992,acasinorj,Male,GKWxYCl
993,rfarnsworthrk,Genderfluid,A3Uw2Flx1
994,gtyhurstrl,Female,fsKdQeDb
995,jmaccurtainrm,Bigender,cJ0A6d
996,gdewfallrn,Bigender,0b9Yvs
997,pperassiro,Female,bCS5DXNyvrR
998,pcardewrp,Agender,r4VYDozJJVKc
999,jderrellrq,Genderfluid,W8yuU98D
1000,gpickerellrr,Genderfluid,LJMlK7W9FLzf
1001,ishan,Male,12345
